slug	start	jar	ours	weErrored	engine
activity-legacy1-example-0	@startuml	jar=ACTIVITY	ours=NONE	weErrored=true	engine=class
activity-legacy1-example-1	@startuml	jar=ACTIVITY	ours=NONE	weErrored=true	engine=class
activity-legacy1-example-2	@startuml	jar=ACTIVITY	ours=NONE	weErrored=true	engine=class
activity-legacy1-example-3	@startuml	jar=ACTIVITY	ours=NONE	weErrored=true	engine=class
activity-legacy1-example-4	@startuml	jar=ACTIVITY	ours=NONE	weErrored=true	engine=class
activity-legacy1-example-5	@startuml	jar=ACTIVITY	ours=NONE	weErrored=true	engine=class
barada-07-veca157	@startuml	jar=ACTIVITY	ours=NONE	weErrored=true	engine=activity
bezogu-47-vevu307	@startuml	jar=ACTIVITY	ours=DESCRIPTION	weErrored=false	engine=description
bitabu-34-lota947	@startuml	jar=ACTIVITY	ours=STATE	weErrored=false	engine=state
bokupo-95-rede308	@startuml	jar=ACTIVITY	ours=NONE	weErrored=true	engine=class
cemilu-33-voma521	@startuml	jar=ACTIVITY	ours=NONE	weErrored=true	engine=class
coruvi-63-vuzu133	@startuml	jar=ACTIVITY	ours=CLASS	weErrored=false	engine=class
cubixe-14-gaze754	@startuml	jar=ACTIVITY	ours=NONE	weErrored=true	engine=class
doveka-76-fiza931	@startuml	jar=ACTIVITY	ours=NONE	weErrored=true	engine=class
gucipa-88-xoti966	@startuml	jar=ACTIVITY	ours=NONE	weErrored=true	engine=class
jutesi-96-jemo224	@startuml	jar=ACTIVITY	ours=DESCRIPTION	weErrored=false	engine=description
labeji-53-pari860	@startuml	jar=ACTIVITY	ours=NONE	weErrored=true	engine=class
legoda-27-cedo414	@startuml	jar=ACTIVITY	ours=DESCRIPTION	weErrored=false	engine=description
lipiki-79-fapu237	@startuml	jar=ACTIVITY	ours=NONE	weErrored=true	engine=class
lonosi-76-xoka469	@startuml	jar=ACTIVITY	ours=NONE	weErrored=true	engine=class
mazuxi-71-xipu561	@startuml	jar=ACTIVITY	ours=NONE	weErrored=true	engine=class
nezaxe-99-mumo948	@startuml	jar=ACTIVITY	ours=CLASS	weErrored=false	engine=class
punuve-45-baja096	@startuml	jar=ACTIVITY	ours=NONE	weErrored=true	engine=class
rizoba-79-feco788	@startuml	jar=ACTIVITY	ours=NONE	weErrored=true	engine=class
rucuga-83-tosu408	@startuml	jar=ACTIVITY	ours=NONE	weErrored=true	engine=activity
rurufo-83-sadi254	@startuml	jar=ACTIVITY	ours=DESCRIPTION	weErrored=false	engine=description
ticini-08-zico145	@startuml	jar=ACTIVITY	ours=NONE	weErrored=true	engine=class
tiseze-53-gace410	@startuml	jar=ACTIVITY	ours=CLASS	weErrored=false	engine=class
tivado-46-vete823	@startuml	jar=ACTIVITY	ours=DESCRIPTION	weErrored=false	engine=description
tuvigo-52-redo102	@startuml	jar=ACTIVITY	ours=NONE	weErrored=true	engine=class
vezozu-78-pici074	@startuml	jar=ACTIVITY	ours=NONE	weErrored=true	engine=sequence
vugasu-31-koca724	@startuml	jar=ACTIVITY	ours=NONE	weErrored=true	engine=class
xaxene-93-doka767	@startuml	jar=ACTIVITY	ours=NONE	weErrored=true	engine=class
xebuce-87-poba093	@startuml	jar=ACTIVITY	ours=NONE	weErrored=true	engine=class
xevumo-18-luvo279	@startuml	jar=ACTIVITY	ours=NONE	weErrored=true	engine=class
xucero-03-kixi746	@startuml	jar=ACTIVITY	ours=NONE	weErrored=true	engine=class
zakuke-30-sobi867	@startuml	jar=ACTIVITY	ours=NONE	weErrored=true	engine=activity
zovemu-18-keki646	@startuml	jar=ACTIVITY	ours=NONE	weErrored=true	engine=class
